Workbook

Sheet Settings
A1: SETTINGS (the only assumptions in this workbook — change them here)
A2: Every other tab reads these cells. Nothing below is hard-coded anywhere else, so correcting a rate here corrects the whole file.
A4: Setting | B4: Value | C4: Unit | D4: What it does / why it is yours to set
A5: Pay periods per year | B5: 26 | C5: periods | D5: 26 = fortnightly. Use 24 for semi-monthly, 52 for weekly. Salaried pay is divided by this.
A6: Overtime threshold | B6: 40 | C6: hours/week | D6: Hours above this in a single week are paid at the multiplier below. FLSA default is 40; some states are stricter.
A7: Overtime multiplier | B7: 1.5 | C7: × base rate | D7: 1.5 = time-and-a-half.
A8: Employer burden rate | B8: 0.092 | C8: of gross | D8: YOUR number, not one this file invented. Employer-side payroll taxes only (FICA 7.65% + your FUTA/SUTA). It does NOT include benefits, workers' comp or retirement match — add those to Payroll goal, or raise this rate knowingly.
A9: Payroll goal (per period) | B9: 34000 | C9: $ | D9: What you are trying to stay under. The Estimate tab compares against this and says by how much, not just whether.
A12: Built by Automated Workflow · automatedworkflowllc.com · Payroll Estimator

Sheet Staff
A1: STAFF (one row per person — the only place a rate is typed)
A2: SAMPLE DATA — every name, role and figure below is invented. Replace them with your own. Salaried people need an annual salary; hourly people need an hourly rate.
A4: Employee | B4: Role | C4: Type | D4: Annual salary | E4: Hourly rate | F4: Per-period base pay
A5: Dr. A. Whitfield | B5: Dentist | C5: Salaried | D5: 185000 | E5: — | F5: =IF(C5="Salaried",D5/Settings!$B$5,0)
A6: M. Okafor | B6: Practice Manager | C6: Salaried | D6: 72000 | E6: — | F6: =IF(C6="Salaried",D6/Settings!$B$5,0)
A7: L. Ferrara | B7: Lead Hygienist | C7: Salaried | D7: 88000 | E7: — | F7: =IF(C7="Salaried",D7/Settings!$B$5,0)
A8: D. Marchetti | B8: Hygienist | C8: Hourly | D8: — | E8: 42 | F8: —
A9: J. Alvarez | B9: Dental Assistant | C9: Hourly | D9: — | E9: 24 | F9: —
A10: P. Nakamura | B10: Dental Assistant | C10: Hourly | D10: — | E10: 22.5 | F10: —
A11: K. Osei | B11: Scheduling Coordinator | C11: Hourly | D11: — | E11: 20 | F11: —
A12: R. Ellison | B12: Front Desk | C12: Hourly | D12: — | E12: 19 | F12: —
A13: T. Boateng | B13: Front Desk | C13: Hourly | D13: — | E13: 18.5 | F13: —
A14: S. Kowalski | B14: Sterilization Tech | C14: Hourly | D14: — | E14: 17 | F14: —
A17: Built by Automated Workflow · automatedworkflowllc.com · Payroll Estimator

Sheet Schedule
A1: SCHEDULE (type next period's hours — this is the whole input)
A2: Hours for the UPCOMING period, not hours already worked. That is the point of the file: it costs the schedule while you can still change it. Salaried staff are listed for completeness — their hours do not change their pay, and the Estimate tab does not pretend otherwise.
A4: Employee | B4: Type | C4: Week 1 hours | D4: Week 2 hours
A5: Dr. A. Whitfield | B5: Salaried | C5: — | D5: —
A6: M. Okafor | B6: Salaried | C6: — | D6: —
A7: L. Ferrara | B7: Salaried | C7: — | D7: —
A8: D. Marchetti | B8: Hourly | C8: 32 | D8: 32
A9: J. Alvarez | B9: Hourly | C9: 40 | D9: 44
A10: P. Nakamura | B10: Hourly | C10: 38 | D10: 40
A11: K. Osei | B11: Hourly | C11: 40 | D11: 40
A12: R. Ellison | B12: Hourly | C12: 32 | D12: 36
A13: T. Boateng | B13: Hourly | C13: 24 | D13: 28
A14: S. Kowalski | B14: Hourly | C14: 20 | D14: 20
A17: Built by Automated Workflow · automatedworkflowllc.com · Payroll Estimator

Sheet Estimate
A1: ESTIMATE (every cell below is a formula — nothing here is typed)
A2: Overtime is computed PER WEEK, not on the fortnight total. Someone who works 44 hours then 36 has 4 hours of overtime, not zero — averaging the two weeks would hide it, and that is the single most common way a payroll estimate comes in low.
A4: Employee | B4: Type | C4: Regular hrs | D4: Overtime hrs | E4: Base pay | F4: Overtime pay | G4: Gross | H4: Employer cost
A5: =Staff!A5 | B5: =Staff!C5 | C5: =IF(B5="Salaried",0,MIN(Schedule!C5,Settings!$B$6)+MIN(Schedule!D5,Settings!$B$6)) | D5: =IF(B5="Salaried",0,MAX(0,Schedule!C5-Settings!$B$6)+MAX(0,Schedule!D5-Settings!$B$6)) | E5: =IF(B5="Salaried",Staff!F5,C5*Staff!E5) | F5: =IF(B5="Salaried",0,D5*Staff!E5*Settings!$B$7) | G5: =E5+F5 | H5: =G5*(1+Settings!$B$8)
A6: =Staff!A6 | B6: =Staff!C6 | C6: =IF(B6="Salaried",0,MIN(Schedule!C6,Settings!$B$6)+MIN(Schedule!D6,Settings!$B$6)) | D6: =IF(B6="Salaried",0,MAX(0,Schedule!C6-Settings!$B$6)+MAX(0,Schedule!D6-Settings!$B$6)) | E6: =IF(B6="Salaried",Staff!F6,C6*Staff!E6) | F6: =IF(B6="Salaried",0,D6*Staff!E6*Settings!$B$7) | G6: =E6+F6 | H6: =G6*(1+Settings!$B$8)
A7: =Staff!A7 | B7: =Staff!C7 | C7: =IF(B7="Salaried",0,MIN(Schedule!C7,Settings!$B$6)+MIN(Schedule!D7,Settings!$B$6)) | D7: =IF(B7="Salaried",0,MAX(0,Schedule!C7-Settings!$B$6)+MAX(0,Schedule!D7-Settings!$B$6)) | E7: =IF(B7="Salaried",Staff!F7,C7*Staff!E7) | F7: =IF(B7="Salaried",0,D7*Staff!E7*Settings!$B$7) | G7: =E7+F7 | H7: =G7*(1+Settings!$B$8)
A8: =Staff!A8 | B8: =Staff!C8 | C8: =IF(B8="Salaried",0,MIN(Schedule!C8,Settings!$B$6)+MIN(Schedule!D8,Settings!$B$6)) | D8: =IF(B8="Salaried",0,MAX(0,Schedule!C8-Settings!$B$6)+MAX(0,Schedule!D8-Settings!$B$6)) | E8: =IF(B8="Salaried",Staff!F8,C8*Staff!E8) | F8: =IF(B8="Salaried",0,D8*Staff!E8*Settings!$B$7) | G8: =E8+F8 | H8: =G8*(1+Settings!$B$8)
A9: =Staff!A9 | B9: =Staff!C9 | C9: =IF(B9="Salaried",0,MIN(Schedule!C9,Settings!$B$6)+MIN(Schedule!D9,Settings!$B$6)) | D9: =IF(B9="Salaried",0,MAX(0,Schedule!C9-Settings!$B$6)+MAX(0,Schedule!D9-Settings!$B$6)) | E9: =IF(B9="Salaried",Staff!F9,C9*Staff!E9) | F9: =IF(B9="Salaried",0,D9*Staff!E9*Settings!$B$7) | G9: =E9+F9 | H9: =G9*(1+Settings!$B$8)
A10: =Staff!A10 | B10: =Staff!C10 | C10: =IF(B10="Salaried",0,MIN(Schedule!C10,Settings!$B$6)+MIN(Schedule!D10,Settings!$B$6)) | D10: =IF(B10="Salaried",0,MAX(0,Schedule!C10-Settings!$B$6)+MAX(0,Schedule!D10-Settings!$B$6)) | E10: =IF(B10="Salaried",Staff!F10,C10*Staff!E10) | F10: =IF(B10="Salaried",0,D10*Staff!E10*Settings!$B$7) | G10: =E10+F10 | H10: =G10*(1+Settings!$B$8)
A11: =Staff!A11 | B11: =Staff!C11 | C11: =IF(B11="Salaried",0,MIN(Schedule!C11,Settings!$B$6)+MIN(Schedule!D11,Settings!$B$6)) | D11: =IF(B11="Salaried",0,MAX(0,Schedule!C11-Settings!$B$6)+MAX(0,Schedule!D11-Settings!$B$6)) | E11: =IF(B11="Salaried",Staff!F11,C11*Staff!E11) | F11: =IF(B11="Salaried",0,D11*Staff!E11*Settings!$B$7) | G11: =E11+F11 | H11: =G11*(1+Settings!$B$8)
A12: =Staff!A12 | B12: =Staff!C12 | C12: =IF(B12="Salaried",0,MIN(Schedule!C12,Settings!$B$6)+MIN(Schedule!D12,Settings!$B$6)) | D12: =IF(B12="Salaried",0,MAX(0,Schedule!C12-Settings!$B$6)+MAX(0,Schedule!D12-Settings!$B$6)) | E12: =IF(B12="Salaried",Staff!F12,C12*Staff!E12) | F12: =IF(B12="Salaried",0,D12*Staff!E12*Settings!$B$7) | G12: =E12+F12 | H12: =G12*(1+Settings!$B$8)
A13: =Staff!A13 | B13: =Staff!C13 | C13: =IF(B13="Salaried",0,MIN(Schedule!C13,Settings!$B$6)+MIN(Schedule!D13,Settings!$B$6)) | D13: =IF(B13="Salaried",0,MAX(0,Schedule!C13-Settings!$B$6)+MAX(0,Schedule!D13-Settings!$B$6)) | E13: =IF(B13="Salaried",Staff!F13,C13*Staff!E13) | F13: =IF(B13="Salaried",0,D13*Staff!E13*Settings!$B$7) | G13: =E13+F13 | H13: =G13*(1+Settings!$B$8)
A14: =Staff!A14 | B14: =Staff!C14 | C14: =IF(B14="Salaried",0,MIN(Schedule!C14,Settings!$B$6)+MIN(Schedule!D14,Settings!$B$6)) | D14: =IF(B14="Salaried",0,MAX(0,Schedule!C14-Settings!$B$6)+MAX(0,Schedule!D14-Settings!$B$6)) | E14: =IF(B14="Salaried",Staff!F14,C14*Staff!E14) | F14: =IF(B14="Salaried",0,D14*Staff!E14*Settings!$B$7) | G14: =E14+F14 | H14: =G14*(1+Settings!$B$8)
A15: TOTAL | C15: =SUM(C5:C14) | D15: =SUM(D5:D14) | E15: =SUM(E5:E14) | F15: =SUM(F5:F14) | G15: =SUM(G5:G14) | H15: =SUM(H5:H14)
A17: Payroll goal this period | C17: =Settings!$B$9
A18: Estimated employer cost | C18: =H15
A19: Difference | C19: =C17-C18 | D19: =IF(C17-C18>=0,"under goal","OVER goal by this much")
A21: What this workbook CANNOT tell you
A22: · It does not know your benefits, workers' compensation, retirement match or PTO accrual. Employer cost here is gross pay plus the burden rate on Settings, and nothing else.
A23: · It is an ESTIMATE of employer cost, not a withholding calculation. It does not compute what comes out of anyone's cheque, and it is not a substitute for your payroll provider.
A24: · It assumes the schedule you typed is the schedule that happens. A called-in shift or an extra hour changes the answer, which is why it is quick to re-run rather than clever.
A25: · Overtime uses the threshold on Settings. If your state is stricter than the federal 40 (California's daily rule, for instance), change it there — this file will not know.
A27: Stated because a number you cannot trust is worse than one you do not have.
A29: Built by Automated Workflow · automatedworkflowllc.com · Payroll Estimator
