Workbook

Sheet How To Use
A1: MONEY LEAK FINDER · how to use this template
A3: What this does | B3: Puts work you COMPLETED next to work you INVOICED and flags only the mismatches: jobs never billed, invoices unpaid, and how long they've been aging.
A5: Step 1 | B5: Work Log tab: replace the sample rows with your completed jobs (one row per job). Keep the Job ID column — it's how the sheets link. Sample data is invented; delete it freely.
A6: Step 2 | B6: Invoices tab: paste your invoices (one row per invoice). Put the matching Job ID in column B. Leave 'Date paid' empty until an invoice is paid.
A7: Step 3 | B7: Leak Report tab: set the As-of date cell (B3). Type a date, or enter =TODAY() to make the report recalculate itself every time you open the file.
A8: Step 4 | B8: Read only the flags: NEVER BILLED rows on the Work Log, UNPAID rows and their aging bucket on the Invoices tab, and the three totals on the Leak Report.
A10: Capacity | B10: Formulas cover rows up to 300 on both data tabs. Past that, extend the ranges (or ask us — contact below).
A11: Honest notes | B11: 1) The 'never billed' list on the Leak Report uses FILTER(), which needs Google Sheets or Excel 365. On older Excel that one cell shows #NAME? — everything else still works; use the NEVER BILLED flag column on the Work Log instead. 2) Colored fills on the sample rows are illustrative only; the flags themselves are formulas and always update. 3) All sample names and figures are invented.
A13: Support | B13: Stuck, or want this wired to your real exports and refreshing automatically? colin@automatedworkflowllc.com — a working version from your own files inside a day, free to try.
A15: Template by Automated Workflow · automatedworkflowllc.com

Sheet Work Log
A1: WORK LOG · what got done (sample rows — replace with yours)
A2: The Billed? column is a formula — it flags any job with no matching invoice. Don't overwrite column F.
A3: Job ID | B3: Date completed | C3: Customer | D3: Description | E3: Amount $ | F3: Billed?
A4: J-101 | B4: 2026-06-22 | C4: Hargrove Property Grp | D4: Irrigation main repair | E4: 740 | F4: =IF(A4="","",IF(COUNTIF(Invoices!B$4:B$300,A4)=0,"NEVER BILLED",""))
A5: J-102 | B5: 2026-06-25 | C5: Bell & Sons HOA | D5: Storm cleanup, common area | E5: 1280 | F5: =IF(A5="","",IF(COUNTIF(Invoices!B$4:B$300,A5)=0,"NEVER BILLED",""))
A6: J-103 | B6: 2026-06-28 | C6: Rivertown Storage | D6: Gate motor replacement | E6: 965 | F6: =IF(A6="","",IF(COUNTIF(Invoices!B$4:B$300,A6)=0,"NEVER BILLED",""))
A7: J-104 | B7: 2026-07-01 | C7: Hargrove Property Grp | D7: Emergency leak call-out | E7: 410 | F7: =IF(A7="","",IF(COUNTIF(Invoices!B$4:B$300,A7)=0,"NEVER BILLED",""))
A8: J-105 | B8: 2026-07-02 | C8: Coastal Dental | D8: Parking lot pressure wash | E8: 380 | F8: =IF(A8="","",IF(COUNTIF(Invoices!B$4:B$300,A8)=0,"NEVER BILLED",""))
A9: J-106 | B9: 2026-07-06 | C9: Bell & Sons HOA | D9: Fence section rebuild | E9: 1620 | F9: =IF(A9="","",IF(COUNTIF(Invoices!B$4:B$300,A9)=0,"NEVER BILLED",""))
A10: J-107 | B10: 2026-07-08 | C10: Marlin Self-Serve | D10: Bay door track repair | E10: 540 | F10: =IF(A10="","",IF(COUNTIF(Invoices!B$4:B$300,A10)=0,"NEVER BILLED",""))
A11: J-108 | B11: 2026-07-09 | C11: Rivertown Storage | D11: Unit door replacements (x3) | E11: 1150 | F11: =IF(A11="","",IF(COUNTIF(Invoices!B$4:B$300,A11)=0,"NEVER BILLED",""))
A12: J-109 | B12: 2026-07-12 | C12: Coastal Dental | D12: After-hours lighting fix | E12: 295 | F12: =IF(A12="","",IF(COUNTIF(Invoices!B$4:B$300,A12)=0,"NEVER BILLED",""))
A13: J-110 | B13: 2026-07-14 | C13: Northgate Church | D13: Grounds cleanup + haul-away | E13: 860 | F13: =IF(A13="","",IF(COUNTIF(Invoices!B$4:B$300,A13)=0,"NEVER BILLED",""))
A14: J-111 | B14: 2026-07-16 | C14: Hargrove Property Grp | D14: Weekend emergency call-out | E14: 520 | F14: =IF(A14="","",IF(COUNTIF(Invoices!B$4:B$300,A14)=0,"NEVER BILLED",""))
A15: J-112 | B15: 2026-07-18 | C15: Marlin Self-Serve | D15: Camera pole reset | E15: 310 | F15: =IF(A15="","",IF(COUNTIF(Invoices!B$4:B$300,A15)=0,"NEVER BILLED",""))
... A17: J-114 | B17: 2026-07-24 | C17: Northgate Church | D17: Gutter clear, full building | E17: 450 | F17: =IF(A17="","",IF(COUNTIF(Invoices!B$4:B$300,A17)=0,"NEVER BILLED",""))
F18: =IF(A18="","",IF(COUNTIF(Invoices!B$4:B$300,A18)=0,"NEVER BILLED",""))
F19: =IF(A19="","",IF(COUNTIF(Invoices!B$4:B$300,A19)=0,"NEVER BILLED",""))
F20: =IF(A20="","",IF(COUNTIF(Invoices!B$4:B$300,A20)=0,"NEVER BILLED",""))
F21: =IF(A21="","",IF(COUNTIF(Invoices!B$4:B$300,A21)=0,"NEVER BILLED",""))
F22: =IF(A22="","",IF(COUNTIF(Invoices!B$4:B$300,A22)=0,"NEVER BILLED",""))
F23: =IF(A23="","",IF(COUNTIF(Invoices!B$4:B$300,A23)=0,"NEVER BILLED",""))
F24: =IF(A24="","",IF(COUNTIF(Invoices!B$4:B$300,A24)=0,"NEVER BILLED",""))
F25: =IF(A25="","",IF(COUNTIF(Invoices!B$4:B$300,A25)=0,"NEVER BILLED",""))
F26: =IF(A26="","",IF(COUNTIF(Invoices!B$4:B$300,A26)=0,"NEVER BILLED",""))
F27: =IF(A27="","",IF(COUNTIF(Invoices!B$4:B$300,A27)=0,"NEVER BILLED",""))
F28: =IF(A28="","",IF(COUNTIF(Invoices!B$4:B$300,A28)=0,"NEVER BILLED",""))
F29: =IF(A29="","",IF(COUNTIF(Invoices!B$4:B$300,A29)=0,"NEVER BILLED",""))
... F300: =IF(A300="","",IF(COUNTIF(Invoices!B$4:B$300,A300)=0,"NEVER BILLED",""))
D302: TOTAL COMPLETED $ | E302: =SUM(E4:E300)
A304: Template by Automated Workflow · automatedworkflowllc.com

Sheet Invoices
A1: INVOICES · what got billed (sample rows — replace with yours)
A2: Status, Days out and Bucket are formulas — leave columns F, G, H alone. Aging counts from the As-of date on the Leak Report.
A3: Invoice # | B3: Job ID | C3: Date sent | D3: Amount $ | E3: Date paid | F3: Status | G3: Days out | H3: Bucket
A4: INV-2201 | B4: J-101 | C4: 46197 | D4: 740 | E4: 46205 | F4: =IF(A4="","",IF(E4="","UNPAID","PAID")) | G4: =IF(OR(A4="",F4="PAID"),"",'Leak Report'!$B$3-C4) | H4: =IF(G4="","",IF(G4<=30,"0-30",IF(G4<=60,"31-60",IF(G4<=90,"61-90","90+"))))
A5: INV-2202 | B5: J-102 | C5: 46200 | D5: 1280 | E5: 46221 | F5: =IF(A5="","",IF(E5="","UNPAID","PAID")) | G5: =IF(OR(A5="",F5="PAID"),"",'Leak Report'!$B$3-C5) | H5: =IF(G5="","",IF(G5<=30,"0-30",IF(G5<=60,"31-60",IF(G5<=90,"61-90","90+"))))
A6: INV-2203 | B6: J-103 | C6: 46203 | D6: 965 | F6: =IF(A6="","",IF(E6="","UNPAID","PAID")) | G6: =IF(OR(A6="",F6="PAID"),"",'Leak Report'!$B$3-C6) | H6: =IF(G6="","",IF(G6<=30,"0-30",IF(G6<=60,"31-60",IF(G6<=90,"61-90","90+"))))
A7: INV-2204 | B7: J-105 | C7: 46207 | D7: 380 | E7: 46214 | F7: =IF(A7="","",IF(E7="","UNPAID","PAID")) | G7: =IF(OR(A7="",F7="PAID"),"",'Leak Report'!$B$3-C7) | H7: =IF(G7="","",IF(G7<=30,"0-30",IF(G7<=60,"31-60",IF(G7<=90,"61-90","90+"))))
A8: INV-2205 | B8: J-106 | C8: 46211 | D8: 1620 | F8: =IF(A8="","",IF(E8="","UNPAID","PAID")) | G8: =IF(OR(A8="",F8="PAID"),"",'Leak Report'!$B$3-C8) | H8: =IF(G8="","",IF(G8<=30,"0-30",IF(G8<=60,"31-60",IF(G8<=90,"61-90","90+"))))
A9: INV-2206 | B9: J-107 | C9: 46213 | D9: 540 | E9: 46225 | F9: =IF(A9="","",IF(E9="","UNPAID","PAID")) | G9: =IF(OR(A9="",F9="PAID"),"",'Leak Report'!$B$3-C9) | H9: =IF(G9="","",IF(G9<=30,"0-30",IF(G9<=60,"31-60",IF(G9<=90,"61-90","90+"))))
A10: INV-2207 | B10: J-108 | C10: 46214 | D10: 1150 | F10: =IF(A10="","",IF(E10="","UNPAID","PAID")) | G10: =IF(OR(A10="",F10="PAID"),"",'Leak Report'!$B$3-C10) | H10: =IF(G10="","",IF(G10<=30,"0-30",IF(G10<=60,"31-60",IF(G10<=90,"61-90","90+"))))
A11: INV-2208 | B11: J-110 | C11: 46218 | D11: 860 | E11: 46227 | F11: =IF(A11="","",IF(E11="","UNPAID","PAID")) | G11: =IF(OR(A11="",F11="PAID"),"",'Leak Report'!$B$3-C11) | H11: =IF(G11="","",IF(G11<=30,"0-30",IF(G11<=60,"31-60",IF(G11<=90,"61-90","90+"))))
A12: INV-2209 | B12: J-113 | C12: 46225 | D12: 990 | F12: =IF(A12="","",IF(E12="","UNPAID","PAID")) | G12: =IF(OR(A12="",F12="PAID"),"",'Leak Report'!$B$3-C12) | H12: =IF(G12="","",IF(G12<=30,"0-30",IF(G12<=60,"31-60",IF(G12<=90,"61-90","90+"))))
A13: INV-2210 | B13: J-104 | C13: 46154 | D13: 410 | F13: =IF(A13="","",IF(E13="","UNPAID","PAID")) | G13: =IF(OR(A13="",F13="PAID"),"",'Leak Report'!$B$3-C13) | H13: =IF(G13="","",IF(G13<=30,"0-30",IF(G13<=60,"31-60",IF(G13<=90,"61-90","90+"))))
A14: INV-2211 | B14: J-109 | C14: 46132 | D14: 295 | F14: =IF(A14="","",IF(E14="","UNPAID","PAID")) | G14: =IF(OR(A14="",F14="PAID"),"",'Leak Report'!$B$3-C14) | H14: =IF(G14="","",IF(G14<=30,"0-30",IF(G14<=60,"31-60",IF(G14<=90,"61-90","90+"))))
F15: =IF(A15="","",IF(E15="","UNPAID","PAID")) | G15: =IF(OR(A15="",F15="PAID"),"",'Leak Report'!$B$3-C15) | H15: =IF(G15="","",IF(G15<=30,"0-30",IF(G15<=60,"31-60",IF(G15<=90,"61-90","90+"))))
F16: =IF(A16="","",IF(E16="","UNPAID","PAID")) | G16: =IF(OR(A16="",F16="PAID"),"",'Leak Report'!$B$3-C16) | H16: =IF(G16="","",IF(G16<=30,"0-30",IF(G16<=60,"31-60",IF(G16<=90,"61-90","90+"))))
F17: =IF(A17="","",IF(E17="","UNPAID","PAID")) | G17: =IF(OR(A17="",F17="PAID"),"",'Leak Report'!$B$3-C17) | H17: =IF(G17="","",IF(G17<=30,"0-30",IF(G17<=60,"31-60",IF(G17<=90,"61-90","90+"))))
F18: =IF(A18="","",IF(E18="","UNPAID","PAID")) | G18: =IF(OR(A18="",F18="PAID"),"",'Leak Report'!$B$3-C18) | H18: =IF(G18="","",IF(G18<=30,"0-30",IF(G18<=60,"31-60",IF(G18<=90,"61-90","90+"))))
F19: =IF(A19="","",IF(E19="","UNPAID","PAID")) | G19: =IF(OR(A19="",F19="PAID"),"",'Leak Report'!$B$3-C19) | H19: =IF(G19="","",IF(G19<=30,"0-30",IF(G19<=60,"31-60",IF(G19<=90,"61-90","90+"))))
F20: =IF(A20="","",IF(E20="","UNPAID","PAID")) | G20: =IF(OR(A20="",F20="PAID"),"",'Leak Report'!$B$3-C20) | H20: =IF(G20="","",IF(G20<=30,"0-30",IF(G20<=60,"31-60",IF(G20<=90,"61-90","90+"))))
F21: =IF(A21="","",IF(E21="","UNPAID","PAID")) | G21: =IF(OR(A21="",F21="PAID"),"",'Leak Report'!$B$3-C21) | H21: =IF(G21="","",IF(G21<=30,"0-30",IF(G21<=60,"31-60",IF(G21<=90,"61-90","90+"))))
F22: =IF(A22="","",IF(E22="","UNPAID","PAID")) | G22: =IF(OR(A22="",F22="PAID"),"",'Leak Report'!$B$3-C22) | H22: =IF(G22="","",IF(G22<=30,"0-30",IF(G22<=60,"31-60",IF(G22<=90,"61-90","90+"))))
F23: =IF(A23="","",IF(E23="","UNPAID","PAID")) | G23: =IF(OR(A23="",F23="PAID"),"",'Leak Report'!$B$3-C23) | H23: =IF(G23="","",IF(G23<=30,"0-30",IF(G23<=60,"31-60",IF(G23<=90,"61-90","90+"))))
F24: =IF(A24="","",IF(E24="","UNPAID","PAID")) | G24: =IF(OR(A24="",F24="PAID"),"",'Leak Report'!$B$3-C24) | H24: =IF(G24="","",IF(G24<=30,"0-30",IF(G24<=60,"31-60",IF(G24<=90,"61-90","90+"))))
F25: =IF(A25="","",IF(E25="","UNPAID","PAID")) | G25: =IF(OR(A25="",F25="PAID"),"",'Leak Report'!$B$3-C25) | H25: =IF(G25="","",IF(G25<=30,"0-30",IF(G25<=60,"31-60",IF(G25<=90,"61-90","90+"))))
F26: =IF(A26="","",IF(E26="","UNPAID","PAID")) | G26: =IF(OR(A26="",F26="PAID"),"",'Leak Report'!$B$3-C26) | H26: =IF(G26="","",IF(G26<=30,"0-30",IF(G26<=60,"31-60",IF(G26<=90,"61-90","90+"))))
... F300: =IF(A300="","",IF(E300="","UNPAID","PAID")) | G300: =IF(OR(A300="",F300="PAID"),"",'Leak Report'!$B$3-C300) | H300: =IF(G300="","",IF(G300<=30,"0-30",IF(G300<=60,"31-60",IF(G300<=90,"61-90","90+"))))
C302: TOTAL INVOICED $ | D302: =SUM(D4:D300)
A304: Template by Automated Workflow · automatedworkflowllc.com

Sheet Leak Report
A1: LEAK REPORT · only the mismatches
A3: As-of date → | B3: 46231 | C3: type a date, or enter =TODAY() to self-update
A5: COMPLETED, NEVER INVOICED $ | C5: =SUMIF('Work Log'!F4:F300,"NEVER BILLED",'Work Log'!E4:E300)
A6: INVOICED, STILL UNPAID $ | C6: =SUMIF(Invoices!F4:F300,"UNPAID",Invoices!D4:D300)
A7: UNPAID & PAST 60 DAYS $ | C7: =SUMIFS(Invoices!D4:D300,Invoices!F4:F300,"UNPAID",Invoices!G4:G300,">60")
A9: JOBS COMPLETED BUT NEVER INVOICED (needs Google Sheets or Excel 365 — see How To Use)
A10: =IFERROR(FILTER('Work Log'!A4:E300,'Work Log'!F4:F300="NEVER BILLED"),"— none —")
A16: UNPAID INVOICES, OLDEST FIRST — sort/filter the Invoices tab by the Bucket column
A18: Every figure on this tab recalculates from your data. Sample data is invented.
A20: Template by Automated Workflow · automatedworkflowllc.com
